{
  "x": [
    0.029999999329447746,
    0.08999999612569809,
    0.15000000596046448,
    0.21000000834465027,
    0.27000001072883606,
    0.33000001311302185,
    0.38999998569488525,
    0.44999998807907104,
    0.5099999904632568,
    0.5700000524520874,
    0.6299999952316284,
    0.690000057220459,
    0.75,
    0.809999942779541,
    0.8700000047683716,
    0.9299999475479126,
    0.9900000095367432,
    1.0499999523162842,
    1.1100000143051147,
    1.1700000762939453,
    1.2300000190734863,
    1.2899999618530273,
    1.350000023841858,
    1.4100000858306885,
    1.4700000286102295,
    1.5299999713897705,
    1.5899999141693115,
    1.649999976158142,
    1.7100000381469727,
    1.7699999809265137,
    1.8299999237060547,
    1.8899999856948853,
    1.9500000476837158,
    2.009999990463257,
    2.069999933242798,
    2.130000114440918,
    2.190000057220459,
    2.25,
    2.309999942779541,
    2.369999885559082,
    2.430000066757202,
    2.490000009536743,
    2.549999952316284,
    2.6100001335144043,
    2.6700000762939453,
    2.7300000190734863,
    2.7899999618530273,
    2.8499999046325684,
    2.9100000858306885,
    2.9700000286102295
  ],
  "y": [
    0,
    0,
    0,
    0,
    0,
    0,
    0,
    0,
    0,
    0,
    0,
    0,
    0,
    0,
    0,
    0,
    0,
    0,
    0,
    0,
    0,
    0,
    0,
    0,
    0,
    0,
    0,
    0,
    0,
    0,
    0,
    0,
    0,
    0,
    0,
    0,
    0,
    0,
    0,
    0,
    0,
    0,
    0,
    0,
    0,
    0,
    0,
    0,
    0,
    0
  ]
}