{
  "scene_pixel_size_m": 5.0,
  "total_pixels": 10240000,
  "slope": {
    "mean_deg": 20.64097785949707,
    "max_deg": 65.50330352783203,
    "pct_below_15deg": 37.08205078125
  },
  "roughness": {
    "mean": 2.006382465362549,
    "max": 14.24782657623291
  },
  "hazard": {
    "mean": 0.4678856432437897,
    "pct_low_hazard": 22.57263671875
  }
}